{"cameraMode":{"drawMode":0,"name":"Shaded","section":"Shading Mode"},"sceneLighting":true,"audioPlay":false,"sceneViewState":{"showFog":true,"showMaterialUpdate":false,"showSkybox":true,"showFlares":true,"showImageEffects":true,"showParticleSystems":true},"in2DMode":false,"pivot":{"x":-1.513782024383545,"y":-0.8092230558395386,"z":0.4201306104660034},"rotation":{"x":-0.17578677833080293,"y":0.518485963344574,"z":-0.10986676067113877,"w":-0.8295814990997315},"size":6.966001987457275,"orthographic":false}